Workbook

Sheet الإعدادات
B1: ⚙️ إعدادات الحاسبة
B2: أدخل القيم في الخلايا الصفراء — كل الصيغ في باقي الأوراق تتحدث تلقائياً
B4: 🎯 هامش الربح المستهدف (%) | C4: 0.3 | D4: نسبة الربح المطلوبة — يؤثر على أسعار كل المنتجات
B5: ♻️ نسبة الهدر (%) | C5: 0.05 | D5: نسبة الفاقد من المواد الخام (5-10% طبيعي)
B6: 📦 الوحدات المتوقعة شهرياً | C6: 500 | D6: إجمالي كل الطلبات المتوقعة في الشهر
B8: 💡 الخلايا الصفراء هي خلايا الإدخال — باقي الخلايا تُحسب تلقائياً

Sheet لوحة التحكم
B1: 📊 لوحة التحكم — ملخص تكاليف المطعم
B2: 📌 هذه الورقة تُحسب تلقائياً من باقي الأوراق — غيّر هامش الربح في ورقة "الإعدادات" وسترى الأثر هنا وفي التسعير
B4: ⚙️ الإعدادات المفعّلة
B5: هامش الربح المستهدف | C5: ='الإعدادات'!B4
B6: نسبة الهدر | C6: ='الإعدادات'!B5
B7: الوحدات المتوقعة/شهر | C7: ='الإعدادات'!B6
B9: 💰 تفصيل التكاليف
B10: 🏗️ إجمالي المصاريف التأسيسية | C10: =SUM('تأسيسية'!C5:C24)
B11: 📌 إجمالي المصاريف الثابتة/شهر | C11: =SUM('ثابتة'!C5:C24)
B12: ⚙️ إجمالي المصاريف التشغيلية/شهر | C12: =SUM('تشغيلية'!C5:C24)
B13: 📣 إجمالي الدعاية والإعلان/شهر | C13: =SUM('دعاية'!C5:C24)
B14: 📂 مصاريف أخرى شهرية | C14: =SUMIF('أخرى'!D5:D19,"نعم",'أخرى'!C5:C19)
B15: 📂 مصاريف أخرى لمرة واحدة | C15: =SUMIF('أخرى'!D5:D19,"لا",'أخرى'!C5:C19)
B16: 📅 إجمالي المصاريف الشهرية الكلية | C16: =C11+C12+C13+C14
B17: 📈 التكاليف المتغيرة / طلب واحد | C17: ='متغيرة'!G20
B18: 🛵 نسبة % من الإيراد (متغيرة) | C18: ='متغيرة'!G21
B19: ⚖️ توزيع المصاريف الثابتة / وحدة | C19: =IF(الإعدادات!B6>0,C16/الإعدادات!B6,0)
B21: 💎 رأس المال المطلوب
B22: المصاريف التأسيسية | C22: =C10
B23: مصاريف أخرى لمرة واحدة | C23: =C15
B24: احتياطي تشغيل (3 أشهر) | C24: =C16*3
B25: 💰 رأس المال الكلي المقدر | C25: =C22+C23+C24
G27: نوع التكلفة | H27: المبلغ
G28: مصاريف ثابتة | H28: =C11
G29: مصاريف تشغيلية | H29: =C12
G30: دعاية وإعلان | H30: =C13
G31: مصاريف أخرى | H31: =C14

Sheet تأسيسية
B1: 🏗️ المصاريف التأسيسية
B2: تكاليف تُدفع مرة واحدة عند التأسيس (لا تتكرر)
B4: البند / الوصف | C4: المبلغ (ر.س)
B5: تجهيز وتصميم المطبخ | C5: 0
B6: الأثاث والديكور | C6: 0
B7: الأجهزة والمعدات | C7: 0
B8: رسوم الترخيص والسجل التجاري | C8: 0
B9: تجهيز نظام نقاط البيع (POS) | C9: 0
B10: مخزون أولي للمواد الخام | C10: 0
B11: صيانة وتجهيز المبنى | C11: 0
C12: 0
C13: 0
C14: 0
C15: 0
C16: 0
C17: 0
C18: 0
C19: 0
C20: 0
C21: 0
C22: 0
C23: 0
C24: 0
B25: الإجمالي | C25: =SUM(C5:C24)

Sheet تشغيلية
B1: ⚙️ المصاريف التشغيلية
B2: تكاليف شهرية متكررة تتعلق بتشغيل المطعم
B4: البند / الوصف | C4: المبلغ (ر.س) | D4: ملاحظات
B5: الكهرباء والمياه | C5: 0
B6: الصيانة الدورية | C6: 0
B7: الاشتراكات والبرمجيات | C7: 0
B8: تجديد المواد الاستهلاكية | C8: 0
B9: نفقات متنوعة | C9: 0
C10: 0
C11: 0
C12: 0
C13: 0
C14: 0
C15: 0
C16: 0
C17: 0
C18: 0
C19: 0
C20: 0
C21: 0
... C24: 0
B25: المجموع الشهري | C25: =SUM(C5:C24)

Sheet ثابتة
B1: 📌 المصاريف الثابتة
B2: لا تتغير بتغير المبيعات: إيجار، رواتب، أقساط
B4: البند / الوصف | C4: المبلغ (ر.س) | D4: ملاحظات
B5: الإيجار الشهري | C5: 0
B6: رواتب الموظفين | C6: 0
B7: رواتب الإدارة | C7: 0
B8: التأمينات الاجتماعية | C8: 0
B9: قسط قرض أو تمويل | C9: 0
B10: رسوم ثابتة أخرى | C10: 0
C11: 0
C12: 0
C13: 0
C14: 0
C15: 0
C16: 0
C17: 0
C18: 0
C19: 0
C20: 0
C21: 0
C22: 0
... C24: 0
B25: المجموع الشهري | C25: =SUM(C5:C24)

Sheet متغيرة
B1: 📈 التكاليف المتغيرة
B2: تكاليف تتغير مع حجم الطلبات — كل بند يؤثر مباشرة على الحد الأدنى لسعر البيع. نوع الحساب: "لكل طلب" أو "لكل X طلب" أو "% من الإيراد"
B4: البند | C4: نوع الحساب | D4: التكلفة / المبلغ | E4: لكل X طلب | F4: % من الإيراد | G4: التكلفة/وحدة
B5: تغليف وأكياس | C5: لكل طلب | D5: 0 | E5: 1 | F5: 0 | G5: =IF(C5="لكل طلب",D5,IF(C5="لكل X طلب",IF(E5>0,D5/E5,0),0))
B6: أدوات أكل ومناديل | C6: لكل طلب | D6: 0 | E6: 1 | F6: 0 | G6: =IF(C6="لكل طلب",D6,IF(C6="لكل X طلب",IF(E6>0,D6/E6,0),0))
B7: غاز الطبخ | C7: لكل X طلب | D7: 0 | E7: 10 | F7: 0 | G7: =IF(C7="لكل طلب",D7,IF(C7="لكل X طلب",IF(E7>0,D7/E7,0),0))
B8: كهرباء متغيرة | C8: لكل X طلب | D8: 0 | E8: 50 | F8: 0 | G8: =IF(C8="لكل طلب",D8,IF(C8="لكل X طلب",IF(E8>0,D8/E8,0),0))
B9: صيانة متغيرة | C9: لكل X طلب | D9: 0 | E9: 100 | F9: 0 | G9: =IF(C9="لكل طلب",D9,IF(C9="لكل X طلب",IF(E9>0,D9/E9,0),0))
B10: عمولة منصة توصيل | C10: % من الإيراد | D10: 0 | E10: 1 | F10: 0 | G10: =IF(C10="لكل طلب",D10,IF(C10="لكل X طلب",IF(E10>0,D10/E10,0),0))
C11: لكل طلب | D11: 0 | E11: 1 | F11: 0 | G11: =IF(C11="لكل طلب",D11,IF(C11="لكل X طلب",IF(E11>0,D11/E11,0),0))
C12: لكل طلب | D12: 0 | E12: 1 | F12: 0 | G12: =IF(C12="لكل طلب",D12,IF(C12="لكل X طلب",IF(E12>0,D12/E12,0),0))
C13: لكل طلب | D13: 0 | E13: 1 | F13: 0 | G13: =IF(C13="لكل طلب",D13,IF(C13="لكل X طلب",IF(E13>0,D13/E13,0),0))
C14: لكل طلب | D14: 0 | E14: 1 | F14: 0 | G14: =IF(C14="لكل طلب",D14,IF(C14="لكل X طلب",IF(E14>0,D14/E14,0),0))
C15: لكل طلب | D15: 0 | E15: 1 | F15: 0 | G15: =IF(C15="لكل طلب",D15,IF(C15="لكل X طلب",IF(E15>0,D15/E15,0),0))
C16: لكل طلب | D16: 0 | E16: 1 | F16: 0 | G16: =IF(C16="لكل طلب",D16,IF(C16="لكل X طلب",IF(E16>0,D16/E16,0),0))
C17: لكل طلب | D17: 0 | E17: 1 | F17: 0 | G17: =IF(C17="لكل طلب",D17,IF(C17="لكل X طلب",IF(E17>0,D17/E17,0),0))
C18: لكل طلب | D18: 0 | E18: 1 | F18: 0 | G18: =IF(C18="لكل طلب",D18,IF(C18="لكل X طلب",IF(E18>0,D18/E18,0),0))
C19: لكل طلب | D19: 0 | E19: 1 | F19: 0 | G19: =IF(C19="لكل طلب",D19,IF(C19="لكل X طلب",IF(E19>0,D19/E19,0),0))
B20: إجمالي التكلفة المتغيرة / طلب | G20: =SUM(G5:G19)
B21: إجمالي نسبة % من الإيراد | G21: =SUMIF(C5:C19,"% من الإيراد",F5:F19)

Sheet دعاية
B1: 📣 مصاريف الدعاية والإعلان
B2: إعلانات، محتوى، سوشيال ميديا، عروض
B4: البند / الوصف | C4: المبلغ (ر.س) | D4: ملاحظات
B5: إدارة وسائل التواصل الاجتماعي | C5: 0
B6: إعلانات مدفوعة (Meta / Google) | C6: 0
B7: تصوير وإنتاج محتوى | C7: 0
B8: عروض وخصومات ترويجية | C8: 0
C9: 0
C10: 0
C11: 0
C12: 0
C13: 0
C14: 0
C15: 0
C16: 0
C17: 0
C18: 0
C19: 0
C20: 0
... C24: 0
B25: المجموع الشهري | C25: =SUM(C5:C24)

Sheet أخرى
B1: 📂 مصاريف أخرى
B2: أي بنود إضافية — اكتب "نعم" في عمود شهري؟ لتُحتسب ضمن المصاريف الشهرية
B4: البند | C4: المبلغ (ر.س) | D4: شهري؟ | E4: ملاحظات
C5: 0 | D5: لا
C6: 0 | D6: لا
C7: 0 | D7: لا
C8: 0 | D8: لا
C9: 0 | D9: لا
C10: 0 | D10: لا
C11: 0 | D11: لا
C12: 0 | D12: لا
C13: 0 | D13: لا
C14: 0 | D14: لا
C15: 0 | D15: لا
C16: 0 | D16: لا
... C19: 0 | D19: لا
B20: إجمالي الشهري | C20: =SUMIF(D5:D19,"نعم",C5:C19)
B21: إجمالي لمرة واحدة | C21: =SUMIF(D5:D19,"لا",C5:C19)

Sheet تسعير المنتجات
B1: 💰 تسعير المنتجات — الحد الأدنى للسعر يُحسب تلقائياً
B2: 📌 الخلايا الصفراء للإدخال — الخلايا الزرقاء محسوبة تلقائياً — السعر الأخضر = صحيح | الأحمر = منخفض جداً
B3: 🍽️ المنتج 1
B4: اسم المنتج | C4: منتج 1 | D4: وحدات/شهر | E4: 100
B5: 🧂 المكونات والمواد الخام
B6: المكوّن | C6: سعر الوحدة (ر.س) | D6: الكمية | E6: التكلفة الإجمالية | F6: ملاحظات
C7: 0 | D7: 0 | E7: =C7*D7
C8: 0 | D8: 0 | E8: =C8*D8
C9: 0 | D9: 0 | E9: =C9*D9
C10: 0 | D10: 0 | E10: =C10*D10
C11: 0 | D11: 0 | E11: =C11*D11
C12: 0 | D12: 0 | E12: =C12*D12
C13: 0 | D13: 0 | E13: =C13*D13
C14: 0 | D14: 0 | E14: =C14*D14
B15: 📊 تفصيل التكلفة والسعر
B16: تكلفة المواد الخام | C16: =SUM(E7:E14) | D16: مجموع تكلفة المكونات
B17: بعد الهدر | C17: =C16*(1+الإعدادات!$B$5) | D17: ="+ "&TEXT(الإعدادات!$B$5,"0.0%")&" هدر — زيادة: "&TEXT(C17-C16,"#,##0.00")&" ر.س"
B18: توزيع المصاريف الثابتة | C18: ='لوحة التحكم'!$C$19 | D18: ="من إجمالي "&TEXT(لوحة_التحكم!$C$16,"#,##0.00 ر.س")&" ÷ "&TEXT(الإعدادات!$B$6,"#,##0")&" وحدة"
B19: التكاليف المتغيرة / طلب | C19: ='لوحة التحكم'!$C$17 | D19: تغليف + غاز + صيانة + ...
B20: إجمالي التكلفة / وحدة | C20: =C17+C18+C19
B21: ="الحد الأدنى للسعر (هامش "&TEXT(الإعدادات!$B$4,"0%")&")" | C21: =IF((1-الإعدادات!$B$4-لوحة_التحكم!$C$18)>0,C20/(1-الإعدادات!$B$4-لوحة_التحكم!$C$18),0) | D21: ="تكلفة "&TEXT(C20,"#,##0.00")&" ر.س ÷ (1 - هامش - عمولة)"
B22: سعر البيع المقترح (أدخله) | C22: 0 | D22: ← أدخل سعر البيع الذي تريد تحديده
B23: حالة السعر | C23: =IF(C22=0,"أدخل السعر أولاً",IF(C22>=C21,"✅ السعر صحيح",IF(C22>=C21*0.9,"⚠️ السعر قريب - راجع","🚨 السعر منخفض جداً"))) | D23: =IF(C22>0,"الحد الأدنى: "&TEXT(C21,"#,##0.00")&" ر.س","")
B24: هامش الربح الفعلي % | C24: =IF(C22>0,(C22-(C20+لوحة_التحكم!$C$18*C22))/C22,0)
B25: نقطة التعادل (وحدة/شهر) | C25: =IF(AND(C21>0,(C21-(C17+C19))>0),CEILING(لوحة_التحكم!$C$16/(C21-(C17+C19)),1),0)
B28: 🍽️ المنتج 2
B29: اسم المنتج | C29: منتج 2 | D29: وحدات/شهر | E29: 100
B30: 🧂 المكونات والمواد الخام
B31: المكوّن | C31: سعر الوحدة (ر.س) | D31: الكمية | E31: التكلفة الإجمالية | F31: ملاحظات
C32: 0 | D32: 0 | E32: =C32*D32
C33: 0 | D33: 0 | E33: =C33*D33
C34: 0 | D34: 0 | E34: =C34*D34
C35: 0 | D35: 0 | E35: =C35*D35
C36: 0 | D36: 0 | E36: =C36*D36
C37: 0 | D37: 0 | E37: =C37*D37
C38: 0 | D38: 0 | E38: =C38*D38
C39: 0 | D39: 0 | E39: =C39*D39
B40: 📊 تفصيل التكلفة والسعر
B41: تكلفة المواد الخام | C41: =SUM(E32:E39) | D41: مجموع تكلفة المكونات
B42: بعد الهدر | C42: =C41*(1+الإعدادات!$B$5) | D42: ="+ "&TEXT(الإعدادات!$B$5,"0.0%")&" هدر — زيادة: "&TEXT(C42-C41,"#,##0.00")&" ر.س"
B43: توزيع المصاريف الثابتة | C43: ='لوحة التحكم'!$C$19 | D43: ="من إجمالي "&TEXT(لوحة_التحكم!$C$16,"#,##0.00 ر.س")&" ÷ "&TEXT(الإعدادات!$B$6,"#,##0")&" وحدة"
B44: التكاليف المتغيرة / طلب | C44: ='لوحة التحكم'!$C$17 | D44: تغليف + غاز + صيانة + ...
B45: إجمالي التكلفة / وحدة | C45: =C42+C43+C44
B46: ="الحد الأدنى للسعر (هامش "&TEXT(الإعدادات!$B$4,"0%")&")" | C46: =IF((1-الإعدادات!$B$4-لوحة_التحكم!$C$18)>0,C45/(1-الإعدادات!$B$4-لوحة_التحكم!$C$18),0) | D46: ="تكلفة "&TEXT(C45,"#,##0.00")&" ر.س ÷ (1 - هامش - عمولة)"
B47: سعر البيع المقترح (أدخله) | C47: 0 | D47: ← أدخل سعر البيع الذي تريد تحديده
B48: حالة السعر | C48: =IF(C47=0,"أدخل السعر أولاً",IF(C47>=C46,"✅ السعر صحيح",IF(C47>=C46*0.9,"⚠️ السعر قريب - راجع","🚨 السعر منخفض جداً"))) | D48: =IF(C47>0,"الحد الأدنى: "&TEXT(C46,"#,##0.00")&" ر.س","")
B49: هامش الربح الفعلي % | C49: =IF(C47>0,(C47-(C45+لوحة_التحكم!$C$18*C47))/C47,0)
B50: نقطة التعادل (وحدة/شهر) | C50: =IF(AND(C46>0,(C46-(C42+C44))>0),CEILING(لوحة_التحكم!$C$16/(C46-(C42+C44)),1),0)
B53: 🍽️ المنتج 3
B54: اسم المنتج | C54: منتج 3 | D54: وحدات/شهر | E54: 100
B55: 🧂 المكونات والمواد الخام
B56: المكوّن | C56: سعر الوحدة (ر.س) | D56: الكمية | E56: التكلفة الإجمالية | F56: ملاحظات
C57: 0 | D57: 0 | E57: =C57*D57
C58: 0 | D58: 0 | E58: =C58*D58
C59: 0 | D59: 0 | E59: =C59*D59
C60: 0 | D60: 0 | E60: =C60*D60
C61: 0 | D61: 0 | E61: =C61*D61
C62: 0 | D62: 0 | E62: =C62*D62
C63: 0 | D63: 0 | E63: =C63*D63
C64: 0 | D64: 0 | E64: =C64*D64
B65: 📊 تفصيل التكلفة والسعر
B66: تكلفة المواد الخام | C66: =SUM(E57:E64) | D66: مجموع تكلفة المكونات
B67: بعد الهدر | C67: =C66*(1+الإعدادات!$B$5) | D67: ="+ "&TEXT(الإعدادات!$B$5,"0.0%")&" هدر — زيادة: "&TEXT(C67-C66,"#,##0.00")&" ر.س"
B68: توزيع المصاريف الثابتة | C68: ='لوحة التحكم'!$C$19 | D68: ="من إجمالي "&TEXT(لوحة_التحكم!$C$16,"#,##0.00 ر.س")&" ÷ "&TEXT(الإعدادات!$B$6,"#,##0")&" وحدة"
B69: التكاليف المتغيرة / طلب | C69: ='لوحة التحكم'!$C$17 | D69: تغليف + غاز + صيانة + ...
B70: إجمالي التكلفة / وحدة | C70: =C67+C68+C69
B71: ="الحد الأدنى للسعر (هامش "&TEXT(الإعدادات!$B$4,"0%")&")" | C71: =IF((1-الإعدادات!$B$4-لوحة_التحكم!$C$18)>0,C70/(1-الإعدادات!$B$4-لوحة_التحكم!$C$18),0) | D71: ="تكلفة "&TEXT(C70,"#,##0.00")&" ر.س ÷ (1 - هامش - عمولة)"
B72: سعر البيع المقترح (أدخله) | C72: 0 | D72: ← أدخل سعر البيع الذي تريد تحديده
B73: حالة السعر | C73: =IF(C72=0,"أدخل السعر أولاً",IF(C72>=C71,"✅ السعر صحيح",IF(C72>=C71*0.9,"⚠️ السعر قريب - راجع","🚨 السعر منخفض جداً"))) | D73: =IF(C72>0,"الحد الأدنى: "&TEXT(C71,"#,##0.00")&" ر.س","")
B74: هامش الربح الفعلي % | C74: =IF(C72>0,(C72-(C70+لوحة_التحكم!$C$18*C72))/C72,0)
B75: نقطة التعادل (وحدة/شهر) | C75: =IF(AND(C71>0,(C71-(C67+C69))>0),CEILING(لوحة_التحكم!$C$16/(C71-(C67+C69)),1),0)
B78: 🍽️ المنتج 4
B79: اسم المنتج | C79: منتج 4 | D79: وحدات/شهر | E79: 100
B80: 🧂 المكونات والمواد الخام
B81: المكوّن | C81: سعر الوحدة (ر.س) | D81: الكمية | E81: التكلفة الإجمالية | F81: ملاحظات
C82: 0 | D82: 0 | E82: =C82*D82
C83: 0 | D83: 0 | E83: =C83*D83
C84: 0 | D84: 0 | E84: =C84*D84
C85: 0 | D85: 0 | E85: =C85*D85
C86: 0 | D86: 0 | E86: =C86*D86
C87: 0 | D87: 0 | E87: =C87*D87
C88: 0 | D88: 0 | E88: =C88*D88
C89: 0 | D89: 0 | E89: =C89*D89
B90: 📊 تفصيل التكلفة والسعر
B91: تكلفة المواد الخام | C91: =SUM(E82:E89) | D91: مجموع تكلفة المكونات
B92: بعد الهدر | C92: =C91*(1+الإعدادات!$B$5) | D92: ="+ "&TEXT(الإعدادات!$B$5,"0.0%")&" هدر — زيادة: "&TEXT(C92-C91,"#,##0.00")&" ر.س"
B93: توزيع المصاريف الثابتة | C93: ='لوحة التحكم'!$C$19 | D93: ="من إجمالي "&TEXT(لوحة_التحكم!$C$16,"#,##0.00 ر.س")&" ÷ "&TEXT(الإعدادات!$B$6,"#,##0")&" وحدة"
B94: التكاليف المتغيرة / طلب | C94: ='لوحة التحكم'!$C$17 | D94: تغليف + غاز + صيانة + ...
B95: إجمالي التكلفة / وحدة | C95: =C92+C93+C94
B96: ="الحد الأدنى للسعر (هامش "&TEXT(الإعدادات!$B$4,"0%")&")" | C96: =IF((1-الإعدادات!$B$4-لوحة_التحكم!$C$18)>0,C95/(1-الإعدادات!$B$4-لوحة_التحكم!$C$18),0) | D96: ="تكلفة "&TEXT(C95,"#,##0.00")&" ر.س ÷ (1 - هامش - عمولة)"
B97: سعر البيع المقترح (أدخله) | C97: 0 | D97: ← أدخل سعر البيع الذي تريد تحديده
B98: حالة السعر | C98: =IF(C97=0,"أدخل السعر أولاً",IF(C97>=C96,"✅ السعر صحيح",IF(C97>=C96*0.9,"⚠️ السعر قريب - راجع","🚨 السعر منخفض جداً"))) | D98: =IF(C97>0,"الحد الأدنى: "&TEXT(C96,"#,##0.00")&" ر.س","")
B99: هامش الربح الفعلي % | C99: =IF(C97>0,(C97-(C95+لوحة_التحكم!$C$18*C97))/C97,0)
B100: نقطة التعادل (وحدة/شهر) | C100: =IF(AND(C96>0,(C96-(C92+C94))>0),CEILING(لوحة_التحكم!$C$16/(C96-(C92+C94)),1),0)
B103: 🍽️ المنتج 5
B104: اسم المنتج | C104: منتج 5 | D104: وحدات/شهر | E104: 100
B105: 🧂 المكونات والمواد الخام
B106: المكوّن | C106: سعر الوحدة (ر.س) | D106: الكمية | E106: التكلفة الإجمالية | F106: ملاحظات
C107: 0 | D107: 0 | E107: =C107*D107
C108: 0 | D108: 0 | E108: =C108*D108
...
